model,MAE,RMSE
RandomForest,29.118333333333336,49.7932775126892
LinearRegression,56.525761124149284,86.43637408637763
