set,MAE,RMSE,model
train,59.41647875387937,96.75856006056794,LSTM_log_target
val,136.99873630020969,207.01216359660071,LSTM_log_target
test,109.78500209221473,164.7118521208504,LSTM_log_target
train,55.341157205846926,88.20027183378969,GRU_log_target
val,127.89512557391973,197.39964680577037,GRU_log_target
test,95.28611705486591,150.73013704333286,GRU_log_target
